dexNumber , speciesName ,evolvesFrom,evoMethod, minLevel , gender , minAffection , minBeauty , minHappiness , location , item , heldItem , knownMove , knownMoveType , needsOverworldRain , partySpecies , partyType , relativePhysicalStats , tradeSpecies , turnUpsideDown , timeOfDay
1,bulbasaur,,,,,,,,,,,,,,,,,,,
2,ivysaur,bulbasaur,level-up,16,0,0,0,0,,,,,,FALSE,,,0,,FALSE,
3,venusaur,ivysaur,level-up,32,0,0,0,0,,,,,,FALSE,,,0,,FALSE,
4,charmander,,,,,,,,,,,,,,,,,,,
5,charmeleon,charmander,level-up,16,0,0,0,0,,,,,,FALSE,,,0,,FALSE,
6,charizard,charmeleon,level-up,36,0,0,0,0,,,,,,FALSE,,,0,,FALSE,
7,squirtle,,,,,,,,,,,,,,,,,,,
8,wartortle,squirtle,level-up,16,0,0,0,0,,,,,,FALSE,,,0,,FALSE,
9,blastoise,wartortle,level-up,36,0,0,0,0,,,,,,FALSE,,,0,,FALSE,
10,caterpie,,,,,,,,,,,,,,,,,,,
11,metapod,caterpie,level-up,7,0,0,0,0,,,,,,FALSE,,,0,,FALSE,
12,butterfree,metapod,level-up,10,0,0,0,0,,,,,,FALSE,,,0,,FALSE,
13,weedle,,,,,,,,,,,,,,,,,,,
14,kakuna,weedle,level-up,7,0,0,0,0,,,,,,FALSE,,,0,,FALSE,
15,beedrill,kakuna,level-up,10,0,0,0,0,,,,,,FALSE,,,0,,FALSE,
16,pidgey,,,,,,,,,,,,,,,,,,,
17,pidgeotto,pidgey,level-up,18,0,0,0,0,,,,,,FALSE,,,0,,FALSE,
18,pidgeot,pidgeotto,level-up,36,0,0,0,0,,,,,,FALSE,,,0,,FALSE,
19,rattata,,,,,,,,,,,,,,,,,,,
20,raticate,rattata,level-up,20,0,0,0,0,,,,,,FALSE,,,0,,FALSE,
21,spearow,,,,,,,,,,,,,,,,,,,
22,fearow,spearow,level-up,20,0,0,0,0,,,,,,FALSE,,,0,,FALSE,
23,ekans,,,,,,,,,,,,,,,,,,,
24,arbok,ekans,level-up,22,0,0,0,0,,,,,,FALSE,,,0,,FALSE,
25,pikachu,pichu,level-up,0,0,0,0,220,,,,,,FALSE,,,0,,FALSE,
26,raichu,pikachu,use-item,0,0,0,0,0,,thunder-stone,,,,FALSE,,,0,,FALSE,
27,sandshrew,,,,,,,,,,,,,,,,,,,
28,sandslash,sandshrew,level-up,22,0,0,0,0,,,,,,FALSE,,,0,,FALSE,
29,nidoran-f,,,,,,,,,,,,,,,,,,,
30,nidorina,nidoran-f,level-up,16,0,0,0,0,,,,,,FALSE,,,0,,FALSE,
31,nidoqueen,nidorina,use-item,0,0,0,0,0,,moon-stone,,,,FALSE,,,0,,FALSE,
32,nidoran-m,,,,,,,,,,,,,,,,,,,
33,nidorino,nidoran-m,level-up,16,0,0,0,0,,,,,,FALSE,,,0,,FALSE,
34,nidoking,nidorino,use-item,0,0,0,0,0,,moon-stone,,,,FALSE,,,0,,FALSE,
35,clefairy,cleffa,level-up,0,0,0,0,220,,,,,,FALSE,,,0,,FALSE,
36,clefable,clefairy,use-item,0,0,0,0,0,,moon-stone,,,,FALSE,,,0,,FALSE,
37,vulpix,,,,,,,,,,,,,,,,,,,
38,ninetales,vulpix,use-item,0,0,0,0,0,,fire-stone,,,,FALSE,,,0,,FALSE,
39,jigglypuff,igglybuff,level-up,0,0,0,0,220,,,,,,FALSE,,,0,,FALSE,
40,wigglytuff,jigglypuff,use-item,0,0,0,0,0,,moon-stone,,,,FALSE,,,0,,FALSE,
41,zubat,,,,,,,,,,,,,,,,,,,
42,golbat,zubat,level-up,22,0,0,0,0,,,,,,FALSE,,,0,,FALSE,
43,oddish,,,,,,,,,,,,,,,,,,,
44,gloom,oddish,level-up,21,0,0,0,0,,,,,,FALSE,,,0,,FALSE,
45,vileplume,gloom,use-item,0,0,0,0,0,,leaf-stone,,,,FALSE,,,0,,FALSE,
46,paras,,,,,,,,,,,,,,,,,,,
47,parasect,paras,level-up,24,0,0,0,0,,,,,,FALSE,,,0,,FALSE,
48,venonat,,,,,,,,,,,,,,,,,,,
49,venomoth,venonat,level-up,31,0,0,0,0,,,,,,FALSE,,,0,,FALSE,
50,diglett,,,,,,,,,,,,,,,,,,,
51,dugtrio,diglett,level-up,26,0,0,0,0,,,,,,FALSE,,,0,,FALSE,
52,meowth,,,,,,,,,,,,,,,,,,,
53,persian,meowth,level-up,28,0,0,0,0,,,,,,FALSE,,,0,,FALSE,
54,psyduck,,,,,,,,,,,,,,,,,,,
55,golduck,psyduck,level-up,33,0,0,0,0,,,,,,FALSE,,,0,,FALSE,
56,mankey,,,,,,,,,,,,,,,,,,,
57,primeape,mankey,level-up,28,0,0,0,0,,,,,,FALSE,,,0,,FALSE,
58,growlithe,,,,,,,,,,,,,,,,,,,
59,arcanine,growlithe,use-item,0,0,0,0,0,,fire-stone,,,,FALSE,,,0,,FALSE,
60,poliwag,,,,,,,,,,,,,,,,,,,
61,poliwhirl,poliwag,level-up,25,0,0,0,0,,,,,,FALSE,,,0,,FALSE,
62,poliwrath,poliwhirl,use-item,0,0,0,0,0,,water-stone,,,,FALSE,,,0,,FALSE,
63,abra,,,,,,,,,,,,,,,,,,,
64,kadabra,abra,level-up,16,0,0,0,0,,,,,,FALSE,,,0,,FALSE,
65,alakazam,kadabra,trade,0,0,0,0,0,,,,,,FALSE,,,0,,FALSE,
66,machop,,,,,,,,,,,,,,,,,,,
67,machoke,machop,level-up,28,0,0,0,0,,,,,,FALSE,,,0,,FALSE,
68,machamp,machoke,trade,0,0,0,0,0,,,,,,FALSE,,,0,,FALSE,
69,bellsprout,,,,,,,,,,,,,,,,,,,
70,weepinbell,bellsprout,level-up,21,0,0,0,0,,,,,,FALSE,,,0,,FALSE,
71,victreebel,weepinbell,use-item,0,0,0,0,0,,leaf-stone,,,,FALSE,,,0,,FALSE,
72,tentacool,,,,,,,,,,,,,,,,,,,
73,tentacruel,tentacool,level-up,30,0,0,0,0,,,,,,FALSE,,,0,,FALSE,
74,geodude,,,,,,,,,,,,,,,,,,,
75,graveler,geodude,level-up,25,0,0,0,0,,,,,,FALSE,,,0,,FALSE,
76,golem,graveler,trade,0,0,0,0,0,,,,,,FALSE,,,0,,FALSE,
77,ponyta,,,,,,,,,,,,,,,,,,,
78,rapidash,ponyta,level-up,40,0,0,0,0,,,,,,FALSE,,,0,,FALSE,
79,slowpoke,,,,,,,,,,,,,,,,,,,
80,slowbro,slowpoke,level-up,37,0,0,0,0,,,,,,FALSE,,,0,,FALSE,
81,magnemite,,,,,,,,,,,,,,,,,,,
82,magneton,magnemite,level-up,30,0,0,0,0,,,,,,FALSE,,,0,,FALSE,
83,farfetchd,,,,,,,,,,,,,,,,,,,
84,doduo,,,,,,,,,,,,,,,,,,,
85,dodrio,doduo,level-up,31,0,0,0,0,,,,,,FALSE,,,0,,FALSE,
86,seel,,,,,,,,,,,,,,,,,,,
87,dewgong,seel,level-up,34,0,0,0,0,,,,,,FALSE,,,0,,FALSE,
88,grimer,,,,,,,,,,,,,,,,,,,
89,muk,grimer,level-up,38,0,0,0,0,,,,,,FALSE,,,0,,FALSE,
90,shellder,,,,,,,,,,,,,,,,,,,
91,cloyster,shellder,use-item,0,0,0,0,0,,water-stone,,,,FALSE,,,0,,FALSE,
92,gastly,,,,,,,,,,,,,,,,,,,
93,haunter,gastly,level-up,25,0,0,0,0,,,,,,FALSE,,,0,,FALSE,
94,gengar,haunter,trade,0,0,0,0,0,,,,,,FALSE,,,0,,FALSE,
95,onix,,,,,,,,,,,,,,,,,,,
96,drowzee,,,,,,,,,,,,,,,,,,,
97,hypno,drowzee,level-up,26,0,0,0,0,,,,,,FALSE,,,0,,FALSE,
98,krabby,,,,,,,,,,,,,,,,,,,
99,kingler,krabby,level-up,28,0,0,0,0,,,,,,FALSE,,,0,,FALSE,
100,voltorb,,,,,,,,,,,,,,,,,,,
101,electrode,voltorb,level-up,30,0,0,0,0,,,,,,FALSE,,,0,,FALSE,
102,exeggcute,,,,,,,,,,,,,,,,,,,
103,exeggutor,exeggcute,use-item,0,0,0,0,0,,leaf-stone,,,,FALSE,,,0,,FALSE,
104,cubone,,,,,,,,,,,,,,,,,,,
105,marowak,cubone,level-up,28,0,0,0,0,,,,,,FALSE,,,0,,FALSE,
106,hitmonlee,tyrogue,level-up,20,0,0,0,0,,,,,,FALSE,,,1,,FALSE,
107,hitmonchan,tyrogue,level-up,20,0,0,0,0,,,,,,FALSE,,,1,,FALSE,
108,lickitung,,,,,,,,,,,,,,,,,,,
109,koffing,,,,,,,,,,,,,,,,,,,
110,weezing,koffing,level-up,35,0,0,0,0,,,,,,FALSE,,,0,,FALSE,
111,rhyhorn,,,,,,,,,,,,,,,,,,,
112,rhydon,rhyhorn,level-up,42,0,0,0,0,,,,,,FALSE,,,0,,FALSE,
113,chansey,happiny,level-up,0,0,0,0,0,,,oval-stone,,,FALSE,,,0,,FALSE,day
114,tangela,,,,,,,,,,,,,,,,,,,
115,kangaskhan,,,,,,,,,,,,,,,,,,,
116,horsea,,,,,,,,,,,,,,,,,,,
117,seadra,horsea,level-up,32,0,0,0,0,,,,,,FALSE,,,0,,FALSE,
118,goldeen,,,,,,,,,,,,,,,,,,,
119,seaking,goldeen,level-up,33,0,0,0,0,,,,,,FALSE,,,0,,FALSE,
120,staryu,,,,,,,,,,,,,,,,,,,
121,starmie,staryu,use-item,0,0,0,0,0,,water-stone,,,,FALSE,,,0,,FALSE,
122,mr-mime,mime-jr,level-up,0,0,0,0,0,,,,mimic,,FALSE,,,0,,FALSE,
123,scyther,,,,,,,,,,,,,,,,,,,
124,jynx,smoochum,level-up,30,0,0,0,0,,,,,,FALSE,,,0,,FALSE,
125,electabuzz,elekid,level-up,30,0,0,0,0,,,,,,FALSE,,,0,,FALSE,
126,magmar,magby,level-up,30,0,0,0,0,,,,,,FALSE,,,0,,FALSE,
127,pinsir,,,,,,,,,,,,,,,,,,,
128,tauros,,,,,,,,,,,,,,,,,,,
129,magikarp,,,,,,,,,,,,,,,,,,,
130,gyarados,magikarp,level-up,20,0,0,0,0,,,,,,FALSE,,,0,,FALSE,
131,lapras,,,,,,,,,,,,,,,,,,,
132,ditto,,,,,,,,,,,,,,,,,,,
133,eevee,,,,,,,,,,,,,,,,,,,
134,vaporeon,eevee,use-item,0,0,0,0,0,,water-stone,,,,FALSE,,,0,,FALSE,
135,jolteon,eevee,use-item,0,0,0,0,0,,water-stone,,,,FALSE,,,0,,FALSE,
136,flareon,eevee,use-item,0,0,0,0,0,,water-stone,,,,FALSE,,,0,,FALSE,
137,porygon,,,,,,,,,,,,,,,,,,,
138,omanyte,,,,,,,,,,,,,,,,,,,
139,omastar,omanyte,level-up,40,0,0,0,0,,,,,,FALSE,,,0,,FALSE,
140,kabuto,,,,,,,,,,,,,,,,,,,
141,kabutops,kabuto,level-up,40,0,0,0,0,,,,,,FALSE,,,0,,FALSE,
142,aerodactyl,,,,,,,,,,,,,,,,,,,
143,snorlax,munchlax,level-up,0,0,0,0,220,,,,,,FALSE,,,0,,FALSE,
144,articuno,,,,,,,,,,,,,,,,,,,
145,zapdos,,,,,,,,,,,,,,,,,,,
146,moltres,,,,,,,,,,,,,,,,,,,
147,dratini,,,,,,,,,,,,,,,,,,,
148,dragonair,dratini,level-up,30,0,0,0,0,,,,,,FALSE,,,0,,FALSE,
149,dragonite,dragonair,level-up,55,0,0,0,0,,,,,,FALSE,,,0,,FALSE,
150,mewtwo,,,,,,,,,,,,,,,,,,,
151,mew,,,,,,,,,,,,,,,,,,,
152,chikorita,,,,,,,,,,,,,,,,,,,
153,bayleef,chikorita,level-up,16,0,0,0,0,,,,,,FALSE,,,0,,FALSE,
154,meganium,bayleef,level-up,32,0,0,0,0,,,,,,FALSE,,,0,,FALSE,
155,cyndaquil,,,,,,,,,,,,,,,,,,,
156,quilava,cyndaquil,level-up,14,0,0,0,0,,,,,,FALSE,,,0,,FALSE,
157,typhlosion,quilava,level-up,36,0,0,0,0,,,,,,FALSE,,,0,,FALSE,
158,totodile,,,,,,,,,,,,,,,,,,,
159,croconaw,totodile,level-up,18,0,0,0,0,,,,,,FALSE,,,0,,FALSE,
160,feraligatr,croconaw,level-up,30,0,0,0,0,,,,,,FALSE,,,0,,FALSE,
161,sentret,,,,,,,,,,,,,,,,,,,
162,furret,sentret,level-up,15,0,0,0,0,,,,,,FALSE,,,0,,FALSE,
163,hoothoot,,,,,,,,,,,,,,,,,,,
164,noctowl,hoothoot,level-up,20,0,0,0,0,,,,,,FALSE,,,0,,FALSE,
165,ledyba,,,,,,,,,,,,,,,,,,,
166,ledian,ledyba,level-up,18,0,0,0,0,,,,,,FALSE,,,0,,FALSE,
167,spinarak,,,,,,,,,,,,,,,,,,,
168,ariados,spinarak,level-up,22,0,0,0,0,,,,,,FALSE,,,0,,FALSE,
169,crobat,golbat,level-up,0,0,0,0,220,,,,,,FALSE,,,0,,FALSE,
170,chinchou,,,,,,,,,,,,,,,,,,,
171,lanturn,chinchou,level-up,27,0,0,0,0,,,,,,FALSE,,,0,,FALSE,
172,pichu,,,,,,,,,,,,,,,,,,,
173,cleffa,,,,,,,,,,,,,,,,,,,
174,igglybuff,,,,,,,,,,,,,,,,,,,
175,togepi,,,,,,,,,,,,,,,,,,,
176,togetic,togepi,level-up,0,0,0,0,220,,,,,,FALSE,,,0,,FALSE,
177,natu,,,,,,,,,,,,,,,,,,,
178,xatu,natu,level-up,25,0,0,0,0,,,,,,FALSE,,,0,,FALSE,
179,mareep,,,,,,,,,,,,,,,,,,,
180,flaaffy,mareep,level-up,15,0,0,0,0,,,,,,FALSE,,,0,,FALSE,
181,ampharos,flaaffy,level-up,30,0,0,0,0,,,,,,FALSE,,,0,,FALSE,
182,bellossom,gloom,use-item,0,0,0,0,0,,sun-stone,,,,FALSE,,,0,,FALSE,
183,marill,azurill,level-up,0,0,0,0,220,,,,,,FALSE,,,0,,FALSE,
184,azumarill,marill,level-up,18,0,0,0,0,,,,,,FALSE,,,0,,FALSE,
185,sudowoodo,bonsly,level-up,0,0,0,0,0,,,,mimic,,FALSE,,,0,,FALSE,
186,politoed,poliwhirl,trade,0,0,0,0,0,,,kings-rock,,,FALSE,,,0,,FALSE,
187,hoppip,,,,,,,,,,,,,,,,,,,
188,skiploom,hoppip,level-up,18,0,0,0,0,,,,,,FALSE,,,0,,FALSE,
189,jumpluff,skiploom,level-up,27,0,0,0,0,,,,,,FALSE,,,0,,FALSE,
190,aipom,,,,,,,,,,,,,,,,,,,
191,sunkern,,,,,,,,,,,,,,,,,,,
192,sunflora,sunkern,use-item,0,0,0,0,0,,sun-stone,,,,FALSE,,,0,,FALSE,
193,yanma,,,,,,,,,,,,,,,,,,,
194,wooper,,,,,,,,,,,,,,,,,,,
195,quagsire,wooper,level-up,20,0,0,0,0,,,,,,FALSE,,,0,,FALSE,
196,espeon,eevee,use-item,0,0,0,0,0,,water-stone,,,,FALSE,,,0,,FALSE,
197,umbreon,eevee,use-item,0,0,0,0,0,,water-stone,,,,FALSE,,,0,,FALSE,
198,murkrow,,,,,,,,,,,,,,,,,,,
199,slowking,slowpoke,level-up,37,0,0,0,0,,,,,,FALSE,,,0,,FALSE,
200,misdreavus,,,,,,,,,,,,,,,,,,,
201,unown,,,,,,,,,,,,,,,,,,,
202,wobbuffet,wynaut,level-up,15,0,0,0,0,,,,,,FALSE,,,0,,FALSE,
203,girafarig,,,,,,,,,,,,,,,,,,,
204,pineco,,,,,,,,,,,,,,,,,,,
205,forretress,pineco,level-up,31,0,0,0,0,,,,,,FALSE,,,0,,FALSE,
206,dunsparce,,,,,,,,,,,,,,,,,,,
207,gligar,,,,,,,,,,,,,,,,,,,
208,steelix,onix,trade,0,0,0,0,0,,,metal-coat,,,FALSE,,,0,,FALSE,
209,snubbull,,,,,,,,,,,,,,,,,,,
210,granbull,snubbull,level-up,23,0,0,0,0,,,,,,FALSE,,,0,,FALSE,
211,qwilfish,,,,,,,,,,,,,,,,,,,
212,scizor,scyther,trade,0,0,0,0,0,,,metal-coat,,,FALSE,,,0,,FALSE,
213,shuckle,,,,,,,,,,,,,,,,,,,
214,heracross,,,,,,,,,,,,,,,,,,,
215,sneasel,,,,,,,,,,,,,,,,,,,
216,teddiursa,,,,,,,,,,,,,,,,,,,
217,ursaring,teddiursa,level-up,30,0,0,0,0,,,,,,FALSE,,,0,,FALSE,
218,slugma,,,,,,,,,,,,,,,,,,,
219,magcargo,slugma,level-up,38,0,0,0,0,,,,,,FALSE,,,0,,FALSE,
220,swinub,,,,,,,,,,,,,,,,,,,
221,piloswine,swinub,level-up,33,0,0,0,0,,,,,,FALSE,,,0,,FALSE,
222,corsola,,,,,,,,,,,,,,,,,,,
223,remoraid,,,,,,,,,,,,,,,,,,,
224,octillery,remoraid,level-up,25,0,0,0,0,,,,,,FALSE,,,0,,FALSE,
225,delibird,,,,,,,,,,,,,,,,,,,
226,mantine,mantyke,level-up,0,0,0,0,0,,,,,,FALSE,remoraid,,0,,FALSE,
227,skarmory,,,,,,,,,,,,,,,,,,,
228,houndour,,,,,,,,,,,,,,,,,,,
229,houndoom,houndour,level-up,24,0,0,0,0,,,,,,FALSE,,,0,,FALSE,
230,kingdra,seadra,trade,0,0,0,0,0,,,dragon-scale,,,FALSE,,,0,,FALSE,
231,phanpy,,,,,,,,,,,,,,,,,,,
232,donphan,phanpy,level-up,25,0,0,0,0,,,,,,FALSE,,,0,,FALSE,
233,porygon2,porygon,trade,0,0,0,0,0,,,up-grade,,,FALSE,,,0,,FALSE,
234,stantler,,,,,,,,,,,,,,,,,,,
235,smeargle,,,,,,,,,,,,,,,,,,,
236,tyrogue,,,,,,,,,,,,,,,,,,,
237,hitmontop,tyrogue,level-up,20,0,0,0,0,,,,,,FALSE,,,1,,FALSE,
238,smoochum,,,,,,,,,,,,,,,,,,,
239,elekid,,,,,,,,,,,,,,,,,,,
240,magby,,,,,,,,,,,,,,,,,,,
241,miltank,,,,,,,,,,,,,,,,,,,
242,blissey,chansey,level-up,0,0,0,0,220,,,,,,FALSE,,,0,,FALSE,
243,raikou,,,,,,,,,,,,,,,,,,,
244,entei,,,,,,,,,,,,,,,,,,,
245,suicune,,,,,,,,,,,,,,,,,,,
246,larvitar,,,,,,,,,,,,,,,,,,,
247,pupitar,larvitar,level-up,30,0,0,0,0,,,,,,FALSE,,,0,,FALSE,
248,tyranitar,pupitar,level-up,55,0,0,0,0,,,,,,FALSE,,,0,,FALSE,
249,lugia,,,,,,,,,,,,,,,,,,,
250,ho-oh,,,,,,,,,,,,,,,,,,,
251,celebi,,,,,,,,,,,,,,,,,,,
252,treecko,,,,,,,,,,,,,,,,,,,
253,grovyle,treecko,level-up,16,0,0,0,0,,,,,,FALSE,,,0,,FALSE,
254,sceptile,grovyle,level-up,36,0,0,0,0,,,,,,FALSE,,,0,,FALSE,
255,torchic,,,,,,,,,,,,,,,,,,,
256,combusken,torchic,level-up,16,0,0,0,0,,,,,,FALSE,,,0,,FALSE,
257,blaziken,combusken,level-up,36,0,0,0,0,,,,,,FALSE,,,0,,FALSE,
258,mudkip,,,,,,,,,,,,,,,,,,,
259,marshtomp,mudkip,level-up,16,0,0,0,0,,,,,,FALSE,,,0,,FALSE,
260,swampert,marshtomp,level-up,36,0,0,0,0,,,,,,FALSE,,,0,,FALSE,
261,poochyena,,,,,,,,,,,,,,,,,,,
262,mightyena,poochyena,level-up,18,0,0,0,0,,,,,,FALSE,,,0,,FALSE,
263,zigzagoon,,,,,,,,,,,,,,,,,,,
264,linoone,zigzagoon,level-up,20,0,0,0,0,,,,,,FALSE,,,0,,FALSE,
265,wurmple,,,,,,,,,,,,,,,,,,,
266,silcoon,wurmple,level-up,7,0,0,0,0,,,,,,FALSE,,,0,,FALSE,
267,beautifly,silcoon,level-up,10,0,0,0,0,,,,,,FALSE,,,0,,FALSE,
268,cascoon,wurmple,level-up,7,0,0,0,0,,,,,,FALSE,,,0,,FALSE,
269,dustox,cascoon,level-up,10,0,0,0,0,,,,,,FALSE,,,0,,FALSE,
270,lotad,,,,,,,,,,,,,,,,,,,
271,lombre,lotad,level-up,14,0,0,0,0,,,,,,FALSE,,,0,,FALSE,
272,ludicolo,lombre,use-item,0,0,0,0,0,,water-stone,,,,FALSE,,,0,,FALSE,
273,seedot,,,,,,,,,,,,,,,,,,,
274,nuzleaf,seedot,level-up,14,0,0,0,0,,,,,,FALSE,,,0,,FALSE,
275,shiftry,nuzleaf,use-item,0,0,0,0,0,,leaf-stone,,,,FALSE,,,0,,FALSE,
276,taillow,,,,,,,,,,,,,,,,,,,
277,swellow,taillow,level-up,22,0,0,0,0,,,,,,FALSE,,,0,,FALSE,
278,wingull,,,,,,,,,,,,,,,,,,,
279,pelipper,wingull,level-up,25,0,0,0,0,,,,,,FALSE,,,0,,FALSE,
280,ralts,,,,,,,,,,,,,,,,,,,
281,kirlia,ralts,level-up,20,0,0,0,0,,,,,,FALSE,,,0,,FALSE,
282,gardevoir,kirlia,level-up,30,0,0,0,0,,,,,,FALSE,,,0,,FALSE,
283,surskit,,,,,,,,,,,,,,,,,,,
284,masquerain,surskit,level-up,22,0,0,0,0,,,,,,FALSE,,,0,,FALSE,
285,shroomish,,,,,,,,,,,,,,,,,,,
286,breloom,shroomish,level-up,23,0,0,0,0,,,,,,FALSE,,,0,,FALSE,
287,slakoth,,,,,,,,,,,,,,,,,,,
288,vigoroth,slakoth,level-up,18,0,0,0,0,,,,,,FALSE,,,0,,FALSE,
289,slaking,vigoroth,level-up,36,0,0,0,0,,,,,,FALSE,,,0,,FALSE,
290,nincada,,,,,,,,,,,,,,,,,,,
291,ninjask,nincada,level-up,20,0,0,0,0,,,,,,FALSE,,,0,,FALSE,
292,shedinja,nincada,level-up,20,0,0,0,0,,,,,,FALSE,,,0,,FALSE,
293,whismur,,,,,,,,,,,,,,,,,,,
294,loudred,whismur,level-up,20,0,0,0,0,,,,,,FALSE,,,0,,FALSE,
295,exploud,loudred,level-up,40,0,0,0,0,,,,,,FALSE,,,0,,FALSE,
296,makuhita,,,,,,,,,,,,,,,,,,,
297,hariyama,makuhita,level-up,24,0,0,0,0,,,,,,FALSE,,,0,,FALSE,
298,azurill,,,,,,,,,,,,,,,,,,,
299,nosepass,,,,,,,,,,,,,,,,,,,
300,skitty,,,,,,,,,,,,,,,,,,,
301,delcatty,skitty,use-item,0,0,0,0,0,,moon-stone,,,,FALSE,,,0,,FALSE,
302,sableye,,,,,,,,,,,,,,,,,,,
303,mawile,,,,,,,,,,,,,,,,,,,
304,aron,,,,,,,,,,,,,,,,,,,
305,lairon,aron,level-up,32,0,0,0,0,,,,,,FALSE,,,0,,FALSE,
306,aggron,lairon,level-up,42,0,0,0,0,,,,,,FALSE,,,0,,FALSE,
307,meditite,,,,,,,,,,,,,,,,,,,
308,medicham,meditite,level-up,37,0,0,0,0,,,,,,FALSE,,,0,,FALSE,
309,electrike,,,,,,,,,,,,,,,,,,,
310,manectric,electrike,level-up,26,0,0,0,0,,,,,,FALSE,,,0,,FALSE,
311,plusle,,,,,,,,,,,,,,,,,,,
312,minun,,,,,,,,,,,,,,,,,,,
313,volbeat,,,,,,,,,,,,,,,,,,,
314,illumise,,,,,,,,,,,,,,,,,,,
315,roselia,budew,level-up,0,0,0,0,220,,,,,,FALSE,,,0,,FALSE,day
316,gulpin,,,,,,,,,,,,,,,,,,,
317,swalot,gulpin,level-up,26,0,0,0,0,,,,,,FALSE,,,0,,FALSE,
318,carvanha,,,,,,,,,,,,,,,,,,,
319,sharpedo,carvanha,level-up,30,0,0,0,0,,,,,,FALSE,,,0,,FALSE,
320,wailmer,,,,,,,,,,,,,,,,,,,
321,wailord,wailmer,level-up,40,0,0,0,0,,,,,,FALSE,,,0,,FALSE,
322,numel,,,,,,,,,,,,,,,,,,,
323,camerupt,numel,level-up,33,0,0,0,0,,,,,,FALSE,,,0,,FALSE,
324,torkoal,,,,,,,,,,,,,,,,,,,
325,spoink,,,,,,,,,,,,,,,,,,,
326,grumpig,spoink,level-up,32,0,0,0,0,,,,,,FALSE,,,0,,FALSE,
327,spinda,,,,,,,,,,,,,,,,,,,
328,trapinch,,,,,,,,,,,,,,,,,,,
329,vibrava,trapinch,level-up,35,0,0,0,0,,,,,,FALSE,,,0,,FALSE,
330,flygon,vibrava,level-up,45,0,0,0,0,,,,,,FALSE,,,0,,FALSE,
331,cacnea,,,,,,,,,,,,,,,,,,,
332,cacturne,cacnea,level-up,32,0,0,0,0,,,,,,FALSE,,,0,,FALSE,
333,swablu,,,,,,,,,,,,,,,,,,,
334,altaria,swablu,level-up,35,0,0,0,0,,,,,,FALSE,,,0,,FALSE,
335,zangoose,,,,,,,,,,,,,,,,,,,
336,seviper,,,,,,,,,,,,,,,,,,,
337,lunatone,,,,,,,,,,,,,,,,,,,
338,solrock,,,,,,,,,,,,,,,,,,,
339,barboach,,,,,,,,,,,,,,,,,,,
340,whiscash,barboach,level-up,30,0,0,0,0,,,,,,FALSE,,,0,,FALSE,
341,corphish,,,,,,,,,,,,,,,,,,,
342,crawdaunt,corphish,level-up,30,0,0,0,0,,,,,,FALSE,,,0,,FALSE,
343,baltoy,,,,,,,,,,,,,,,,,,,
344,claydol,baltoy,level-up,36,0,0,0,0,,,,,,FALSE,,,0,,FALSE,
345,lileep,,,,,,,,,,,,,,,,,,,
346,cradily,lileep,level-up,40,0,0,0,0,,,,,,FALSE,,,0,,FALSE,
347,anorith,,,,,,,,,,,,,,,,,,,
348,armaldo,anorith,level-up,40,0,0,0,0,,,,,,FALSE,,,0,,FALSE,
349,feebas,,,,,,,,,,,,,,,,,,,
350,milotic,feebas,level-up,0,0,0,171,0,,,,,,FALSE,,,0,,FALSE,
351,castform,,,,,,,,,,,,,,,,,,,
352,kecleon,,,,,,,,,,,,,,,,,,,
353,shuppet,,,,,,,,,,,,,,,,,,,
354,banette,shuppet,level-up,37,0,0,0,0,,,,,,FALSE,,,0,,FALSE,
355,duskull,,,,,,,,,,,,,,,,,,,
356,dusclops,duskull,level-up,37,0,0,0,0,,,,,,FALSE,,,0,,FALSE,
357,tropius,,,,,,,,,,,,,,,,,,,
358,chimecho,chingling,level-up,0,0,0,0,220,,,,,,FALSE,,,0,,FALSE,night
359,absol,,,,,,,,,,,,,,,,,,,
360,wynaut,,,,,,,,,,,,,,,,,,,
361,snorunt,,,,,,,,,,,,,,,,,,,
362,glalie,snorunt,level-up,42,0,0,0,0,,,,,,FALSE,,,0,,FALSE,
363,spheal,,,,,,,,,,,,,,,,,,,
364,sealeo,spheal,level-up,32,0,0,0,0,,,,,,FALSE,,,0,,FALSE,
365,walrein,sealeo,level-up,44,0,0,0,0,,,,,,FALSE,,,0,,FALSE,
366,clamperl,,,,,,,,,,,,,,,,,,,
367,huntail,clamperl,trade,0,0,0,0,0,,,deep-sea-tooth,,,FALSE,,,0,,FALSE,
368,gorebyss,clamperl,trade,0,0,0,0,0,,,deep-sea-tooth,,,FALSE,,,0,,FALSE,
369,relicanth,,,,,,,,,,,,,,,,,,,
370,luvdisc,,,,,,,,,,,,,,,,,,,
371,bagon,,,,,,,,,,,,,,,,,,,
372,shelgon,bagon,level-up,30,0,0,0,0,,,,,,FALSE,,,0,,FALSE,
373,salamence,shelgon,level-up,50,0,0,0,0,,,,,,FALSE,,,0,,FALSE,
374,beldum,,,,,,,,,,,,,,,,,,,
375,metang,beldum,level-up,20,0,0,0,0,,,,,,FALSE,,,0,,FALSE,
376,metagross,metang,level-up,45,0,0,0,0,,,,,,FALSE,,,0,,FALSE,
377,regirock,,,,,,,,,,,,,,,,,,,
378,regice,,,,,,,,,,,,,,,,,,,
379,registeel,,,,,,,,,,,,,,,,,,,
380,latias,,,,,,,,,,,,,,,,,,,
381,latios,,,,,,,,,,,,,,,,,,,
382,kyogre,,,,,,,,,,,,,,,,,,,
383,groudon,,,,,,,,,,,,,,,,,,,
384,rayquaza,,,,,,,,,,,,,,,,,,,
385,jirachi,,,,,,,,,,,,,,,,,,,
386,deoxys,,,,,,,,,,,,,,,,,,,
387,turtwig,,,,,,,,,,,,,,,,,,,
388,grotle,turtwig,level-up,18,0,0,0,0,,,,,,FALSE,,,0,,FALSE,
389,torterra,grotle,level-up,32,0,0,0,0,,,,,,FALSE,,,0,,FALSE,
390,chimchar,,,,,,,,,,,,,,,,,,,
391,monferno,chimchar,level-up,14,0,0,0,0,,,,,,FALSE,,,0,,FALSE,
392,infernape,monferno,level-up,36,0,0,0,0,,,,,,FALSE,,,0,,FALSE,
393,piplup,,,,,,,,,,,,,,,,,,,
394,prinplup,piplup,level-up,16,0,0,0,0,,,,,,FALSE,,,0,,FALSE,
395,empoleon,prinplup,level-up,36,0,0,0,0,,,,,,FALSE,,,0,,FALSE,
396,starly,,,,,,,,,,,,,,,,,,,
397,staravia,starly,level-up,14,0,0,0,0,,,,,,FALSE,,,0,,FALSE,
398,staraptor,staravia,level-up,34,0,0,0,0,,,,,,FALSE,,,0,,FALSE,
399,bidoof,,,,,,,,,,,,,,,,,,,
400,bibarel,bidoof,level-up,15,0,0,0,0,,,,,,FALSE,,,0,,FALSE,
401,kricketot,,,,,,,,,,,,,,,,,,,
402,kricketune,kricketot,level-up,10,0,0,0,0,,,,,,FALSE,,,0,,FALSE,
403,shinx,,,,,,,,,,,,,,,,,,,
404,luxio,shinx,level-up,15,0,0,0,0,,,,,,FALSE,,,0,,FALSE,
405,luxray,luxio,level-up,30,0,0,0,0,,,,,,FALSE,,,0,,FALSE,
406,budew,,,,,,,,,,,,,,,,,,,
407,roserade,roselia,use-item,0,0,0,0,0,,shiny-stone,,,,FALSE,,,0,,FALSE,
408,cranidos,,,,,,,,,,,,,,,,,,,
409,rampardos,cranidos,level-up,30,0,0,0,0,,,,,,FALSE,,,0,,FALSE,
410,shieldon,,,,,,,,,,,,,,,,,,,
411,bastiodon,shieldon,level-up,30,0,0,0,0,,,,,,FALSE,,,0,,FALSE,
412,burmy,,,,,,,,,,,,,,,,,,,
413,wormadam,burmy,level-up,20,1,0,0,0,,,,,,FALSE,,,0,,FALSE,
414,mothim,burmy,level-up,20,1,0,0,0,,,,,,FALSE,,,0,,FALSE,
415,combee,,,,,,,,,,,,,,,,,,,
416,vespiquen,combee,level-up,21,1,0,0,0,,,,,,FALSE,,,0,,FALSE,
417,pachirisu,,,,,,,,,,,,,,,,,,,
418,buizel,,,,,,,,,,,,,,,,,,,
419,floatzel,buizel,level-up,26,0,0,0,0,,,,,,FALSE,,,0,,FALSE,
420,cherubi,,,,,,,,,,,,,,,,,,,
421,cherrim,cherubi,level-up,25,0,0,0,0,,,,,,FALSE,,,0,,FALSE,
422,shellos,,,,,,,,,,,,,,,,,,,
423,gastrodon,shellos,level-up,30,0,0,0,0,,,,,,FALSE,,,0,,FALSE,
424,ambipom,aipom,level-up,0,0,0,0,0,,,,double-hit,,FALSE,,,0,,FALSE,
425,drifloon,,,,,,,,,,,,,,,,,,,
426,drifblim,drifloon,level-up,28,0,0,0,0,,,,,,FALSE,,,0,,FALSE,
427,buneary,,,,,,,,,,,,,,,,,,,
428,lopunny,buneary,level-up,0,0,0,0,220,,,,,,FALSE,,,0,,FALSE,
429,mismagius,misdreavus,use-item,0,0,0,0,0,,dusk-stone,,,,FALSE,,,0,,FALSE,
430,honchkrow,murkrow,use-item,0,0,0,0,0,,dusk-stone,,,,FALSE,,,0,,FALSE,
431,glameow,,,,,,,,,,,,,,,,,,,
432,purugly,glameow,level-up,38,0,0,0,0,,,,,,FALSE,,,0,,FALSE,
433,chingling,,,,,,,,,,,,,,,,,,,
434,stunky,,,,,,,,,,,,,,,,,,,
435,skuntank,stunky,level-up,34,0,0,0,0,,,,,,FALSE,,,0,,FALSE,
436,bronzor,,,,,,,,,,,,,,,,,,,
437,bronzong,bronzor,level-up,33,0,0,0,0,,,,,,FALSE,,,0,,FALSE,
438,bonsly,,,,,,,,,,,,,,,,,,,
439,mime-jr,,,,,,,,,,,,,,,,,,,
440,happiny,,,,,,,,,,,,,,,,,,,
441,chatot,,,,,,,,,,,,,,,,,,,
442,spiritomb,,,,,,,,,,,,,,,,,,,
443,gible,,,,,,,,,,,,,,,,,,,
444,gabite,gible,level-up,24,0,0,0,0,,,,,,FALSE,,,0,,FALSE,
445,garchomp,gabite,level-up,48,0,0,0,0,,,,,,FALSE,,,0,,FALSE,
446,munchlax,,,,,,,,,,,,,,,,,,,
447,riolu,,,,,,,,,,,,,,,,,,,
448,lucario,riolu,level-up,0,0,0,0,220,,,,,,FALSE,,,0,,FALSE,day
449,hippopotas,,,,,,,,,,,,,,,,,,,
450,hippowdon,hippopotas,level-up,34,0,0,0,0,,,,,,FALSE,,,0,,FALSE,
451,skorupi,,,,,,,,,,,,,,,,,,,
452,drapion,skorupi,level-up,40,0,0,0,0,,,,,,FALSE,,,0,,FALSE,
453,croagunk,,,,,,,,,,,,,,,,,,,
454,toxicroak,croagunk,level-up,37,0,0,0,0,,,,,,FALSE,,,0,,FALSE,
455,carnivine,,,,,,,,,,,,,,,,,,,
456,finneon,,,,,,,,,,,,,,,,,,,
457,lumineon,finneon,level-up,31,0,0,0,0,,,,,,FALSE,,,0,,FALSE,
458,mantyke,,,,,,,,,,,,,,,,,,,
459,snover,,,,,,,,,,,,,,,,,,,
460,abomasnow,snover,level-up,40,0,0,0,0,,,,,,FALSE,,,0,,FALSE,
461,weavile,sneasel,level-up,0,0,0,0,0,,,razor-claw,,,FALSE,,,0,,FALSE,night
462,magnezone,magneton,level-up,0,0,0,0,0,mt-coronet,,,,,FALSE,,,0,,FALSE,
463,lickilicky,lickitung,level-up,0,0,0,0,0,,,,rollout,,FALSE,,,0,,FALSE,
464,rhyperior,rhydon,trade,0,0,0,0,0,,,protector,,,FALSE,,,0,,FALSE,
465,tangrowth,tangela,level-up,0,0,0,0,0,,,,ancient-power,,FALSE,,,0,,FALSE,
466,electivire,electabuzz,trade,0,0,0,0,0,,,electirizer,,,FALSE,,,0,,FALSE,
467,magmortar,magmar,trade,0,0,0,0,0,,,magmarizer,,,FALSE,,,0,,FALSE,
468,togekiss,togetic,use-item,0,0,0,0,0,,shiny-stone,,,,FALSE,,,0,,FALSE,
469,yanmega,yanma,level-up,0,0,0,0,0,,,,ancient-power,,FALSE,,,0,,FALSE,
470,leafeon,eevee,use-item,0,0,0,0,0,,water-stone,,,,FALSE,,,0,,FALSE,
471,glaceon,eevee,use-item,0,0,0,0,0,,water-stone,,,,FALSE,,,0,,FALSE,
472,gliscor,gligar,level-up,0,0,0,0,0,,,razor-fang,,,FALSE,,,0,,FALSE,night
473,mamoswine,piloswine,level-up,0,0,0,0,0,,,,ancient-power,,FALSE,,,0,,FALSE,
474,porygon-z,porygon2,trade,0,0,0,0,0,,,dubious-disc,,,FALSE,,,0,,FALSE,
475,gallade,kirlia,use-item,0,2,0,0,0,,dawn-stone,,,,FALSE,,,0,,FALSE,
476,probopass,nosepass,level-up,0,0,0,0,0,mt-coronet,,,,,FALSE,,,0,,FALSE,
477,dusknoir,dusclops,trade,0,0,0,0,0,,,reaper-cloth,,,FALSE,,,0,,FALSE,
478,froslass,snorunt,level-up,42,0,0,0,0,,,,,,FALSE,,,0,,FALSE,
479,rotom,,,,,,,,,,,,,,,,,,,
480,uxie,,,,,,,,,,,,,,,,,,,
481,mesprit,,,,,,,,,,,,,,,,,,,
482,azelf,,,,,,,,,,,,,,,,,,,
483,dialga,,,,,,,,,,,,,,,,,,,
484,palkia,,,,,,,,,,,,,,,,,,,
485,heatran,,,,,,,,,,,,,,,,,,,
486,regigigas,,,,,,,,,,,,,,,,,,,
487,giratina,,,,,,,,,,,,,,,,,,,
488,cresselia,,,,,,,,,,,,,,,,,,,
489,phione,,,,,,,,,,,,,,,,,,,
490,manaphy,,,,,,,,,,,,,,,,,,,
491,darkrai,,,,,,,,,,,,,,,,,,,
492,shaymin,,,,,,,,,,,,,,,,,,,
493,arceus,,,,,,,,,,,,,,,,,,,
494,victini,,,,,,,,,,,,,,,,,,,
495,snivy,,,,,,,,,,,,,,,,,,,
496,servine,snivy,level-up,17,0,0,0,0,,,,,,FALSE,,,0,,FALSE,
497,serperior,servine,level-up,36,0,0,0,0,,,,,,FALSE,,,0,,FALSE,
498,tepig,,,,,,,,,,,,,,,,,,,
499,pignite,tepig,level-up,17,0,0,0,0,,,,,,FALSE,,,0,,FALSE,
500,emboar,pignite,level-up,36,0,0,0,0,,,,,,FALSE,,,0,,FALSE,
501,oshawott,,,,,,,,,,,,,,,,,,,
502,dewott,oshawott,level-up,17,0,0,0,0,,,,,,FALSE,,,0,,FALSE,
503,samurott,dewott,level-up,36,0,0,0,0,,,,,,FALSE,,,0,,FALSE,
504,patrat,,,,,,,,,,,,,,,,,,,
505,watchog,patrat,level-up,20,0,0,0,0,,,,,,FALSE,,,0,,FALSE,
506,lillipup,,,,,,,,,,,,,,,,,,,
507,herdier,lillipup,level-up,16,0,0,0,0,,,,,,FALSE,,,0,,FALSE,
508,stoutland,herdier,level-up,32,0,0,0,0,,,,,,FALSE,,,0,,FALSE,
509,purrloin,,,,,,,,,,,,,,,,,,,
510,liepard,purrloin,level-up,20,0,0,0,0,,,,,,FALSE,,,0,,FALSE,
511,pansage,,,,,,,,,,,,,,,,,,,
512,simisage,pansage,use-item,0,0,0,0,0,,leaf-stone,,,,FALSE,,,0,,FALSE,
513,pansear,,,,,,,,,,,,,,,,,,,
514,simisear,pansear,use-item,0,0,0,0,0,,fire-stone,,,,FALSE,,,0,,FALSE,
515,panpour,,,,,,,,,,,,,,,,,,,
516,simipour,panpour,use-item,0,0,0,0,0,,water-stone,,,,FALSE,,,0,,FALSE,
517,munna,,,,,,,,,,,,,,,,,,,
518,musharna,munna,use-item,0,0,0,0,0,,moon-stone,,,,FALSE,,,0,,FALSE,
519,pidove,,,,,,,,,,,,,,,,,,,
520,tranquill,pidove,level-up,21,0,0,0,0,,,,,,FALSE,,,0,,FALSE,
521,unfezant,tranquill,level-up,32,0,0,0,0,,,,,,FALSE,,,0,,FALSE,
522,blitzle,,,,,,,,,,,,,,,,,,,
523,zebstrika,blitzle,level-up,27,0,0,0,0,,,,,,FALSE,,,0,,FALSE,
524,roggenrola,,,,,,,,,,,,,,,,,,,
525,boldore,roggenrola,level-up,25,0,0,0,0,,,,,,FALSE,,,0,,FALSE,
526,gigalith,boldore,trade,0,0,0,0,0,,,,,,FALSE,,,0,,FALSE,
527,woobat,,,,,,,,,,,,,,,,,,,
528,swoobat,woobat,level-up,0,0,0,0,220,,,,,,FALSE,,,0,,FALSE,
529,drilbur,,,,,,,,,,,,,,,,,,,
530,excadrill,drilbur,level-up,31,0,0,0,0,,,,,,FALSE,,,0,,FALSE,
531,audino,,,,,,,,,,,,,,,,,,,
532,timburr,,,,,,,,,,,,,,,,,,,
533,gurdurr,timburr,level-up,25,0,0,0,0,,,,,,FALSE,,,0,,FALSE,
534,conkeldurr,gurdurr,trade,0,0,0,0,0,,,,,,FALSE,,,0,,FALSE,
535,tympole,,,,,,,,,,,,,,,,,,,
536,palpitoad,tympole,level-up,25,0,0,0,0,,,,,,FALSE,,,0,,FALSE,
537,seismitoad,palpitoad,level-up,36,0,0,0,0,,,,,,FALSE,,,0,,FALSE,
538,throh,,,,,,,,,,,,,,,,,,,
539,sawk,,,,,,,,,,,,,,,,,,,
540,sewaddle,,,,,,,,,,,,,,,,,,,
541,swadloon,sewaddle,level-up,20,0,0,0,0,,,,,,FALSE,,,0,,FALSE,
542,leavanny,swadloon,level-up,0,0,0,0,220,,,,,,FALSE,,,0,,FALSE,
543,venipede,,,,,,,,,,,,,,,,,,,
544,whirlipede,venipede,level-up,22,0,0,0,0,,,,,,FALSE,,,0,,FALSE,
545,scolipede,whirlipede,level-up,30,0,0,0,0,,,,,,FALSE,,,0,,FALSE,
546,cottonee,,,,,,,,,,,,,,,,,,,
547,whimsicott,cottonee,use-item,0,0,0,0,0,,sun-stone,,,,FALSE,,,0,,FALSE,
548,petilil,,,,,,,,,,,,,,,,,,,
549,lilligant,petilil,use-item,0,0,0,0,0,,sun-stone,,,,FALSE,,,0,,FALSE,
550,basculin,,,,,,,,,,,,,,,,,,,
551,sandile,,,,,,,,,,,,,,,,,,,
552,krokorok,sandile,level-up,29,0,0,0,0,,,,,,FALSE,,,0,,FALSE,
553,krookodile,krokorok,level-up,40,0,0,0,0,,,,,,FALSE,,,0,,FALSE,
554,darumaka,,,,,,,,,,,,,,,,,,,
555,darmanitan,darumaka,level-up,35,0,0,0,0,,,,,,FALSE,,,0,,FALSE,
556,maractus,,,,,,,,,,,,,,,,,,,
557,dwebble,,,,,,,,,,,,,,,,,,,
558,crustle,dwebble,level-up,34,0,0,0,0,,,,,,FALSE,,,0,,FALSE,
559,scraggy,,,,,,,,,,,,,,,,,,,
560,scrafty,scraggy,level-up,39,0,0,0,0,,,,,,FALSE,,,0,,FALSE,
561,sigilyph,,,,,,,,,,,,,,,,,,,
562,yamask,,,,,,,,,,,,,,,,,,,
563,cofagrigus,yamask,level-up,34,0,0,0,0,,,,,,FALSE,,,0,,FALSE,
564,tirtouga,,,,,,,,,,,,,,,,,,,
565,carracosta,tirtouga,level-up,37,0,0,0,0,,,,,,FALSE,,,0,,FALSE,
566,archen,,,,,,,,,,,,,,,,,,,
567,archeops,archen,level-up,37,0,0,0,0,,,,,,FALSE,,,0,,FALSE,
568,trubbish,,,,,,,,,,,,,,,,,,,
569,garbodor,trubbish,level-up,36,0,0,0,0,,,,,,FALSE,,,0,,FALSE,
570,zorua,,,,,,,,,,,,,,,,,,,
571,zoroark,zorua,level-up,30,0,0,0,0,,,,,,FALSE,,,0,,FALSE,
572,minccino,,,,,,,,,,,,,,,,,,,
573,cinccino,minccino,use-item,0,0,0,0,0,,shiny-stone,,,,FALSE,,,0,,FALSE,
574,gothita,,,,,,,,,,,,,,,,,,,
575,gothorita,gothita,level-up,32,0,0,0,0,,,,,,FALSE,,,0,,FALSE,
576,gothitelle,gothorita,level-up,41,0,0,0,0,,,,,,FALSE,,,0,,FALSE,
577,solosis,,,,,,,,,,,,,,,,,,,
578,duosion,solosis,level-up,32,0,0,0,0,,,,,,FALSE,,,0,,FALSE,
579,reuniclus,duosion,level-up,41,0,0,0,0,,,,,,FALSE,,,0,,FALSE,
580,ducklett,,,,,,,,,,,,,,,,,,,
581,swanna,ducklett,level-up,35,0,0,0,0,,,,,,FALSE,,,0,,FALSE,
582,vanillite,,,,,,,,,,,,,,,,,,,
583,vanillish,vanillite,level-up,35,0,0,0,0,,,,,,FALSE,,,0,,FALSE,
584,vanilluxe,vanillish,level-up,47,0,0,0,0,,,,,,FALSE,,,0,,FALSE,
585,deerling,,,,,,,,,,,,,,,,,,,
586,sawsbuck,deerling,level-up,34,0,0,0,0,,,,,,FALSE,,,0,,FALSE,
587,emolga,,,,,,,,,,,,,,,,,,,
588,karrablast,,,,,,,,,,,,,,,,,,,
589,escavalier,karrablast,trade,0,0,0,0,0,,,,,,FALSE,,,0,shelmet,FALSE,
590,foongus,,,,,,,,,,,,,,,,,,,
591,amoonguss,foongus,level-up,39,0,0,0,0,,,,,,FALSE,,,0,,FALSE,
592,frillish,,,,,,,,,,,,,,,,,,,
593,jellicent,frillish,level-up,40,0,0,0,0,,,,,,FALSE,,,0,,FALSE,
594,alomomola,,,,,,,,,,,,,,,,,,,
595,joltik,,,,,,,,,,,,,,,,,,,
596,galvantula,joltik,level-up,36,0,0,0,0,,,,,,FALSE,,,0,,FALSE,
597,ferroseed,,,,,,,,,,,,,,,,,,,
598,ferrothorn,ferroseed,level-up,40,0,0,0,0,,,,,,FALSE,,,0,,FALSE,
599,klink,,,,,,,,,,,,,,,,,,,
600,klang,klink,level-up,38,0,0,0,0,,,,,,FALSE,,,0,,FALSE,
601,klinklang,klang,level-up,49,0,0,0,0,,,,,,FALSE,,,0,,FALSE,
602,tynamo,,,,,,,,,,,,,,,,,,,
603,eelektrik,tynamo,level-up,39,0,0,0,0,,,,,,FALSE,,,0,,FALSE,
604,eelektross,eelektrik,use-item,0,0,0,0,0,,thunder-stone,,,,FALSE,,,0,,FALSE,
605,elgyem,,,,,,,,,,,,,,,,,,,
606,beheeyem,elgyem,level-up,42,0,0,0,0,,,,,,FALSE,,,0,,FALSE,
607,litwick,,,,,,,,,,,,,,,,,,,
608,lampent,litwick,level-up,41,0,0,0,0,,,,,,FALSE,,,0,,FALSE,
609,chandelure,lampent,use-item,0,0,0,0,0,,dusk-stone,,,,FALSE,,,0,,FALSE,
610,axew,,,,,,,,,,,,,,,,,,,
611,fraxure,axew,level-up,38,0,0,0,0,,,,,,FALSE,,,0,,FALSE,
612,haxorus,fraxure,level-up,48,0,0,0,0,,,,,,FALSE,,,0,,FALSE,
613,cubchoo,,,,,,,,,,,,,,,,,,,
614,beartic,cubchoo,level-up,37,0,0,0,0,,,,,,FALSE,,,0,,FALSE,
615,cryogonal,,,,,,,,,,,,,,,,,,,
616,shelmet,,,,,,,,,,,,,,,,,,,
617,accelgor,shelmet,trade,0,0,0,0,0,,,,,,FALSE,,,0,karrablast,FALSE,
618,stunfisk,,,,,,,,,,,,,,,,,,,
619,mienfoo,,,,,,,,,,,,,,,,,,,
620,mienshao,mienfoo,level-up,50,0,0,0,0,,,,,,FALSE,,,0,,FALSE,
621,druddigon,,,,,,,,,,,,,,,,,,,
622,golett,,,,,,,,,,,,,,,,,,,
623,golurk,golett,level-up,43,0,0,0,0,,,,,,FALSE,,,0,,FALSE,
624,pawniard,,,,,,,,,,,,,,,,,,,
625,bisharp,pawniard,level-up,52,0,0,0,0,,,,,,FALSE,,,0,,FALSE,
626,bouffalant,,,,,,,,,,,,,,,,,,,
627,rufflet,,,,,,,,,,,,,,,,,,,
628,braviary,rufflet,level-up,54,0,0,0,0,,,,,,FALSE,,,0,,FALSE,
629,vullaby,,,,,,,,,,,,,,,,,,,
630,mandibuzz,vullaby,level-up,54,0,0,0,0,,,,,,FALSE,,,0,,FALSE,
631,heatmor,,,,,,,,,,,,,,,,,,,
632,durant,,,,,,,,,,,,,,,,,,,
633,deino,,,,,,,,,,,,,,,,,,,
634,zweilous,deino,level-up,50,0,0,0,0,,,,,,FALSE,,,0,,FALSE,
635,hydreigon,zweilous,level-up,64,0,0,0,0,,,,,,FALSE,,,0,,FALSE,
636,larvesta,,,,,,,,,,,,,,,,,,,
637,volcarona,larvesta,level-up,59,0,0,0,0,,,,,,FALSE,,,0,,FALSE,
638,cobalion,,,,,,,,,,,,,,,,,,,
639,terrakion,,,,,,,,,,,,,,,,,,,
640,virizion,,,,,,,,,,,,,,,,,,,
641,tornadus,,,,,,,,,,,,,,,,,,,
642,thundurus,,,,,,,,,,,,,,,,,,,
643,reshiram,,,,,,,,,,,,,,,,,,,
644,zekrom,,,,,,,,,,,,,,,,,,,
645,landorus,,,,,,,,,,,,,,,,,,,
646,kyurem,,,,,,,,,,,,,,,,,,,
647,keldeo,,,,,,,,,,,,,,,,,,,
648,meloetta,,,,,,,,,,,,,,,,,,,
649,genesect,,,,,,,,,,,,,,,,,,,
650,chespin,,,,,,,,,,,,,,,,,,,
651,quilladin,chespin,level-up,16,0,0,0,0,,,,,,FALSE,,,0,,FALSE,
652,chesnaught,quilladin,level-up,36,0,0,0,0,,,,,,FALSE,,,0,,FALSE,
653,fennekin,,,,,,,,,,,,,,,,,,,
654,braixen,fennekin,level-up,16,0,0,0,0,,,,,,FALSE,,,0,,FALSE,
655,delphox,braixen,level-up,36,0,0,0,0,,,,,,FALSE,,,0,,FALSE,
656,froakie,,,,,,,,,,,,,,,,,,,
657,frogadier,froakie,level-up,16,0,0,0,0,,,,,,FALSE,,,0,,FALSE,
658,greninja,frogadier,level-up,36,0,0,0,0,,,,,,FALSE,,,0,,FALSE,
659,bunnelby,,,,,,,,,,,,,,,,,,,
660,diggersby,bunnelby,level-up,20,0,0,0,0,,,,,,FALSE,,,0,,FALSE,
661,fletchling,,,,,,,,,,,,,,,,,,,
662,fletchinder,fletchling,level-up,17,0,0,0,0,,,,,,FALSE,,,0,,FALSE,
663,talonflame,fletchinder,level-up,35,0,0,0,0,,,,,,FALSE,,,0,,FALSE,
664,scatterbug,,,,,,,,,,,,,,,,,,,
665,spewpa,scatterbug,level-up,9,0,0,0,0,,,,,,FALSE,,,0,,FALSE,
666,vivillon,spewpa,level-up,12,0,0,0,0,,,,,,FALSE,,,0,,FALSE,
667,litleo,,,,,,,,,,,,,,,,,,,
668,pyroar,litleo,level-up,35,0,0,0,0,,,,,,FALSE,,,0,,FALSE,
669,flabebe,,,,,,,,,,,,,,,,,,,
670,floette,flabebe,level-up,19,0,0,0,0,,,,,,FALSE,,,0,,FALSE,
671,florges,floette,use-item,0,0,0,0,0,,shiny-stone,,,,FALSE,,,0,,FALSE,
672,skiddo,,,,,,,,,,,,,,,,,,,
673,gogoat,skiddo,level-up,32,0,0,0,0,,,,,,FALSE,,,0,,FALSE,
674,pancham,,,,,,,,,,,,,,,,,,,
675,pangoro,pancham,level-up,32,0,0,0,0,,,,,,FALSE,,dark,0,,FALSE,
676,furfrou,,,,,,,,,,,,,,,,,,,
677,espurr,,,,,,,,,,,,,,,,,,,
678,meowstic,espurr,level-up,25,0,0,0,0,,,,,,FALSE,,,0,,FALSE,
679,honedge,,,,,,,,,,,,,,,,,,,
680,doublade,honedge,level-up,35,0,0,0,0,,,,,,FALSE,,,0,,FALSE,
681,aegislash,doublade,use-item,0,0,0,0,0,,dusk-stone,,,,FALSE,,,0,,FALSE,
682,spritzee,,,,,,,,,,,,,,,,,,,
683,aromatisse,spritzee,trade,0,0,0,0,0,,,sachet,,,FALSE,,,0,,FALSE,
684,swirlix,,,,,,,,,,,,,,,,,,,
685,slurpuff,swirlix,trade,0,0,0,0,0,,,whipped-dream,,,FALSE,,,0,,FALSE,
686,inkay,,,,,,,,,,,,,,,,,,,
687,malamar,inkay,level-up,30,0,0,0,0,,,,,,FALSE,,,0,,TRUE,
688,binacle,,,,,,,,,,,,,,,,,,,
689,barbaracle,binacle,level-up,39,0,0,0,0,,,,,,FALSE,,,0,,FALSE,
690,skrelp,,,,,,,,,,,,,,,,,,,
691,dragalge,skrelp,level-up,48,0,0,0,0,,,,,,FALSE,,,0,,FALSE,
692,clauncher,,,,,,,,,,,,,,,,,,,
693,clawitzer,clauncher,level-up,37,0,0,0,0,,,,,,FALSE,,,0,,FALSE,
694,helioptile,,,,,,,,,,,,,,,,,,,
695,heliolisk,helioptile,use-item,0,0,0,0,0,,sun-stone,,,,FALSE,,,0,,FALSE,
696,tyrunt,,,,,,,,,,,,,,,,,,,
697,tyrantrum,tyrunt,level-up,39,0,0,0,0,,,,,,FALSE,,,0,,FALSE,day
698,amaura,,,,,,,,,,,,,,,,,,,
699,aurorus,amaura,level-up,39,0,0,0,0,,,,,,FALSE,,,0,,FALSE,night
700,sylveon,eevee,use-item,0,0,0,0,0,,water-stone,,,,FALSE,,,0,,FALSE,
701,hawlucha,,,,,,,,,,,,,,,,,,,
702,dedenne,,,,,,,,,,,,,,,,,,,
703,carbink,,,,,,,,,,,,,,,,,,,
704,goomy,,,,,,,,,,,,,,,,,,,
705,sliggoo,goomy,level-up,40,0,0,0,0,,,,,,FALSE,,,0,,FALSE,
706,goodra,sliggoo,level-up,50,0,0,0,0,,,,,,TRUE,,,0,,FALSE,
707,klefki,,,,,,,,,,,,,,,,,,,
708,phantump,,,,,,,,,,,,,,,,,,,
709,trevenant,phantump,trade,0,0,0,0,0,,,,,,FALSE,,,0,,FALSE,
710,pumpkaboo,,,,,,,,,,,,,,,,,,,
711,gourgeist,pumpkaboo,trade,0,0,0,0,0,,,,,,FALSE,,,0,,FALSE,
712,bergmite,,,,,,,,,,,,,,,,,,,
713,avalugg,bergmite,level-up,37,0,0,0,0,,,,,,FALSE,,,0,,FALSE,
714,noibat,,,,,,,,,,,,,,,,,,,
715,noivern,noibat,level-up,48,0,0,0,0,,,,,,FALSE,,,0,,FALSE,
716,xerneas,,,,,,,,,,,,,,,,,,,
717,yveltal,,,,,,,,,,,,,,,,,,,
718,zygarde,,,,,,,,,,,,,,,,,,,
719,diancie,,,,,,,,,,,,,,,,,,,
720,hoopa,,,,,,,,,,,,,,,,,,,
721,volcanion,,,,,,,,,,,,,,,,,,,
722,rowlet,,,,,,,,,,,,,,,,,,,
723,dartrix,rowlet,level-up,17,0,0,0,0,,,,,,FALSE,,,0,,FALSE,
724,decidueye,dartrix,level-up,34,0,0,0,0,,,,,,FALSE,,,0,,FALSE,
725,litten,,,,,,,,,,,,,,,,,,,
726,torracat,litten,level-up,17,0,0,0,0,,,,,,FALSE,,,0,,FALSE,
727,incineroar,torracat,level-up,34,0,0,0,0,,,,,,FALSE,,,0,,FALSE,
728,popplio,,,,,,,,,,,,,,,,,,,
729,brionne,popplio,level-up,17,0,0,0,0,,,,,,FALSE,,,0,,FALSE,
730,primarina,brionne,level-up,34,0,0,0,0,,,,,,FALSE,,,0,,FALSE,
731,pikipek,,,,,,,,,,,,,,,,,,,
732,trumbeak,pikipek,level-up,14,0,0,0,0,,,,,,FALSE,,,0,,FALSE,
733,toucannon,trumbeak,level-up,28,0,0,0,0,,,,,,FALSE,,,0,,FALSE,
734,yungoos,,,,,,,,,,,,,,,,,,,
735,gumshoos,yungoos,level-up,20,0,0,0,0,,,,,,FALSE,,,0,,FALSE,day
736,grubbin,,,,,,,,,,,,,,,,,,,
737,charjabug,grubbin,level-up,20,0,0,0,0,,,,,,FALSE,,,0,,FALSE,
738,vikavolt,charjabug,level-up,0,0,0,0,0,,,,,,FALSE,,,0,,FALSE,
739,crabrawler,,,,,,,,,,,,,,,,,,,
740,crabominable,crabrawler,level-up,0,0,0,0,0,mount-lanakila,,,,,FALSE,,,0,,FALSE,
741,oricorio,,,,,,,,,,,,,,,,,,,
742,cutiefly,,,,,,,,,,,,,,,,,,,
743,ribombee,cutiefly,level-up,25,0,0,0,0,,,,,,FALSE,,,0,,FALSE,
744,rockruff,,,,,,,,,,,,,,,,,,,
745,lycanroc,rockruff,level-up,25,0,0,0,0,,,,,,FALSE,,,0,,FALSE,day
746,wishiwashi,,,,,,,,,,,,,,,,,,,
747,mareanie,,,,,,,,,,,,,,,,,,,
748,toxapex,mareanie,level-up,38,0,0,0,0,,,,,,FALSE,,,0,,FALSE,
749,mudbray,,,,,,,,,,,,,,,,,,,
750,mudsdale,mudbray,level-up,30,0,0,0,0,,,,,,FALSE,,,0,,FALSE,
751,dewpider,,,,,,,,,,,,,,,,,,,
752,araquanid,dewpider,level-up,22,0,0,0,0,,,,,,FALSE,,,0,,FALSE,
753,fomantis,,,,,,,,,,,,,,,,,,,
754,lurantis,fomantis,level-up,34,0,0,0,0,,,,,,FALSE,,,0,,FALSE,day
755,morelull,,,,,,,,,,,,,,,,,,,
756,shiinotic,morelull,level-up,24,0,0,0,0,,,,,,FALSE,,,0,,FALSE,
757,salandit,,,,,,,,,,,,,,,,,,,
758,salazzle,salandit,level-up,33,1,0,0,0,,,,,,FALSE,,,0,,FALSE,
759,stufful,,,,,,,,,,,,,,,,,,,
760,bewear,stufful,level-up,27,0,0,0,0,,,,,,FALSE,,,0,,FALSE,
761,bounsweet,,,,,,,,,,,,,,,,,,,
762,steenee,bounsweet,level-up,18,0,0,0,0,,,,,,FALSE,,,0,,FALSE,
763,tsareena,steenee,level-up,0,0,0,0,0,,,,stomp,,FALSE,,,0,,FALSE,
764,comfey,,,,,,,,,,,,,,,,,,,
765,oranguru,,,,,,,,,,,,,,,,,,,
766,passimian,,,,,,,,,,,,,,,,,,,
767,wimpod,,,,,,,,,,,,,,,,,,,
768,golisopod,wimpod,level-up,30,0,0,0,0,,,,,,FALSE,,,0,,FALSE,
769,sandygast,,,,,,,,,,,,,,,,,,,
770,palossand,sandygast,level-up,42,0,0,0,0,,,,,,FALSE,,,0,,FALSE,
771,pyukumuku,,,,,,,,,,,,,,,,,,,
772,type-null,,,,,,,,,,,,,,,,,,,
773,silvally,type-null,level-up,0,0,0,0,220,,,,,,FALSE,,,0,,FALSE,
774,minior,,,,,,,,,,,,,,,,,,,
775,komala,,,,,,,,,,,,,,,,,,,
776,turtonator,,,,,,,,,,,,,,,,,,,
777,togedemaru,,,,,,,,,,,,,,,,,,,
778,mimikyu,,,,,,,,,,,,,,,,,,,
779,bruxish,,,,,,,,,,,,,,,,,,,
780,drampa,,,,,,,,,,,,,,,,,,,
781,dhelmise,,,,,,,,,,,,,,,,,,,
782,jangmo-o,,,,,,,,,,,,,,,,,,,
783,hakamo-o,jangmo-o,level-up,35,0,0,0,0,,,,,,FALSE,,,0,,FALSE,
784,kommo-o,hakamo-o,level-up,45,0,0,0,0,,,,,,FALSE,,,0,,FALSE,
785,tapu-koko,,,,,,,,,,,,,,,,,,,
786,tapu-lele,,,,,,,,,,,,,,,,,,,
787,tapu-bulu,,,,,,,,,,,,,,,,,,,
788,tapu-fini,,,,,,,,,,,,,,,,,,,
789,cosmog,,,,,,,,,,,,,,,,,,,
790,cosmoem,cosmog,level-up,43,0,0,0,0,,,,,,FALSE,,,0,,FALSE,
791,solgaleo,cosmoem,level-up,53,0,0,0,0,,,,,,FALSE,,,0,,FALSE,
792,lunala,cosmoem,level-up,53,0,0,0,0,,,,,,FALSE,,,0,,FALSE,
793,nihilego,,,,,,,,,,,,,,,,,,,
794,buzzwole,,,,,,,,,,,,,,,,,,,
795,pheromosa,,,,,,,,,,,,,,,,,,,
796,xurkitree,,,,,,,,,,,,,,,,,,,
797,celesteela,,,,,,,,,,,,,,,,,,,
798,kartana,,,,,,,,,,,,,,,,,,,
799,guzzlord,,,,,,,,,,,,,,,,,,,
800,necrozma,,,,,,,,,,,,,,,,,,,
801,magearna,,,,,,,,,,,,,,,,,,,
802,marshadow,,,,,,,,,,,,,,,,,,,
803,poipole,,,,,,,,,,,,,,,,,,,
804,naganadel,poipole,level-up,0,0,0,0,0,,,,dragon-pulse,,FALSE,,,0,,FALSE,
805,stakataka,,,,,,,,,,,,,,,,,,,
806,blacephalon,,,,,,,,,,,,,,,,,,,
807,zeraora,,,,,,,,,,,,,,,,,,,
